timestamp,x,y,pol
16,70,124,0
16,70,124,0
16,70,126,0
16,71,126,0
16,71,124,1
16,70,124,1
16,70,125,1
16,70,124,0
16,71,124,0
16,70,125,0
16,71,126,0
16,71,124,1
16,70,124,1
16,70,125,1
16,70,124,0
16,71,124,0
16,70,125,0
16,71,126,0
16,71,124,1
16,70,124,1
16,70,126,1
16,70,124,0
16,70,124,0
16,71,124,0
16,71,124,0
16,70,126,0
16,70,126,0
16,70,125,0
16,71,126,0
16,71,124,1
16,70,124,1
16,70,125,1
16,51,100,1
16,70,124,0
16,70,124,0
16,71,124,0
16,56,76,1
16,61,4,1
16,70,125,0
16,71,126,0
16,71,124,1
16,42,66,1
16,72,8,1
16,67,123,1
16,70,124,1
16,24,50,1
16,70,126,1
16,112,30,1
16,15,68,1
16,15,69,1
16,47,48,1
16,96,114,1
16,100,48,1
16,91,55,1
16,70,124,0
16,70,124,0
16,71,124,0
16,70,126,0
16,70,125,0
16,71,126,0
16,71,124,1
16,70,124,1
16,70,125,1
16,70,124,0
16,70,124,0
16,71,124,0
16,70,125,0
16,71,126,0
16,71,124,1
16,70,124,1
16,71,124,0
16,70,124,0
16,70,124,0
16,71,126,0
16,71,124,1
16,71,124,0
16,70,124,0
16,70,124,0
16,71,126,0
16,71,124,1
16,70,125,1
16,70,124,0
16,71,124,0
16,71,124,0
16,70,125,0
16,71,126,0
16,71,124,1
16,70,124,1
16,71,124,0
16,71,124,0
16,70,124,0
16,70,124,0
16,70,124,0
16,71,124,1
16,71,124,0
16,70,124,0
16,70,124,0
16,70,126,0
16,64,23,1
16,71,126,0
16,71,124,1
16,70,124,1
16,110,28,1
16,70,126,1
16,71,124,0
16,71,107,1
16,70,124,0
16,70,124,0
16,70,126,0
16,71,126,0
16,70,125,0
16,71,124,1
16,70,124,1
16,70,125,1
16,70,124,0
16,70,124,0
16,71,124,0
16,71,124,0
16,70,125,0
16,71,126,0
16,71,124,1
16,70,124,1
16,70,126,1
16,70,124,0
16,70,124,0
16,71,124,0
16,70,126,0
16,70,126,0
16,70,125,0
16,71,126,0
16,71,124,1
16,39,64,1
16,70,124,1
16,70,125,1
16,70,124,0
16,70,124,0
16,71,124,0
16,70,125,0
16,71,126,0
16,71,124,1
16,70,124,1
16,70,125,1
16,70,124,0
16,71,124,0
16,70,125,0
16,71,126,0
16,71,124,1
16,70,124,1
16,70,125,1
16,31,85,1
16,103,35,1
16,44,63,1
16,72,5,1
16,44,78,1
16,79,43,1
16,79,62,1
16,103,100,1
16,11,83,1
16,0,11,1
16,94,11,1
16,81,106,1
16,14,68,1
16,26,91,1
16,70,124,0
16,70,124,0
16,74,48,1
16,2,78,1
16,71,124,0
16,54,90,1
16,70,125,0
16,71,126,0
16,71,124,1
16,104,68,1
16,70,124,1
16,39,33,1
16,123,71,1
16,70,126,1
16,70,124,0
16,71,124,0
16,71,124,0
16,70,126,0
16,70,126,0
16,70,125,0
16,71,126,0
16,71,124,1
16,70,124,1
16,70,126,1
16,71,124,0
16,70,124,0
16,70,124,0
16,71,126,0
16,71,124,1
16,70,124,1
16,71,124,0
16,70,124,0
16,70,124,0
16,70,126,0
16,71,126,0
16,71,124,1
16,70,124,1
16,71,124,0
16,70,124,0
16,70,124,0
16,71,126,0
16,71,124,1
16,70,125,1
16,70,124,0
16,70,124,0
16,71,124,0
16,71,124,0
16,70,125,0
16,71,126,0
16,71,124,1
16,70,124,1
16,21,40,1
16,71,124,0
16,71,124,0
16,70,124,0
16,70,124,0
16,71,126,0
16,71,124,1
16,70,125,1
16,76,48,1
16,71,124,0
16,70,124,0
16,70,125,0
16,70,125,0
16,71,126,0
16,71,124,1
16,70,124,1
16,101,1,1
16,71,124,0
16,71,124,0
16,70,124,0
16,70,124,0
16,71,126,0
16,71,124,1
16,70,125,1
16,71,124,0
16,71,124,0
16,70,124,0
16,70,124,0
16,70,125,0
16,71,126,0
16,71,124,1
16,70,124,1
16,126,75,1
16,71,124,0
16,71,124,0
16,70,124,0
16,70,124,0
16,71,126,0
16,71,125,1
16,70,125,1
16,71,124,1
16,71,124,0
16,71,125,0
16,70,124,0
16,70,124,0
16,70,125,0
16,70,125,0
16,71,126,0
16,71,125,1
16,70,124,1
16,71,124,1
16,89,1,1
16,71,124,0
16,71,125,0
16,71,126,0
16,71,125,1
16,71,124,1
16,63,15,1
16,71,124,0
16,71,125,0
16,111,69,1
16,70,124,0
16,70,124,0
16,102,38,1
16,71,126,0
16,71,125,1
16,75,85,1
16,25,92,1
16,88,32,1
16,70,125,1
16,71,124,1
16,71,124,0
16,70,124,0
16,71,125,0
16,70,125,0
16,70,125,0
16,71,126,0
16,71,125,1
16,70,124,1
16,71,124,1
16,71,124,0
16,71,124,0
16,71,125,0
16,71,126,0
16,71,125,1
16,71,124,1
16,71,124,0
16,71,125,0
16,70,124,0
16,70,124,0
16,71,126,0
16,71,124,1
16,70,125,1
16,71,124,0
16,70,124,0
16,70,124,0
16,53,39,1
16,70,125,0
16,71,126,0
16,71,124,1
16,70,124,1
16,71,124,0
16,70,124,0
16,70,124,0
16,71,126,0
16,71,124,1
16,70,125,1
16,70,124,0
16,71,124,0
16,71,124,0
16,70,125,0
16,71,126,0
16,71,124,1
16,31,73,1
16,70,124,1
16,78,113,1
16,78,110,1
16,51,22,1
16,71,124,0
16,70,124,0
16,70,124,0
16,70,124,0
16,71,126,0
16,71,124,1
16,71,124,0
16,71,124,0
16,70,124,0
16,70,124,0
16,70,126,0
16,71,126,0
16,71,124,1
16,70,124,1
16,71,124,0
16,71,124,0
16,70,124,0
16,70,124,0
16,70,124,0
16,71,126,0
16,71,124,1
16,70,124,1
16,71,124,0
16,71,124,0
16,70,124,0
16,70,124,0
16,71,126,0
16,71,124,1
16,71,124,0
16,70,124,0
16,70,124,0
16,70,124,0
16,71,126,0
16,71,124,1
16,2,99,1
16,71,124,0
16,70,124,0
16,70,124,0
16,16,62,1
16,89,73,1
16,76,68,1
16,71,126,0
16,71,124,1
16,80,115,1
16,84,66,1
16,114,48,1
16,37,12,1
16,71,124,0
16,71,124,0
16,70,124,0
16,70,124,0
16,71,126,0
16,71,124,1
16,71,124,0
16,70,124,0
16,70,124,0
16,71,126,0
16,71,124,1
16,70,124,1
16,71,124,0
16,71,124,0
16,70,124,0
16,70,124,0
16,71,126,0
16,71,124,1
16,71,124,0
16,70,124,0
16,70,124,0
16,71,126,0
16,71,124,1
16,70,124,1
16,71,124,0
16,71,124,0
16,71,126,0
16,71,126,0
16,70,124,0
16,70,124,0
16,71,124,1
16,17,91,1
16,71,125,1
16,70,125,1
16,71,125,0
16,70,124,0
16,71,124,0
16,71,124,0
16,70,125,0
16,71,125,1
16,70,124,1
16,71,126,1
16,70,125,1
16,27,125,1
16,70,124,0
16,71,125,0
16,36,25,1
16,71,126,0
16,36,13,1
16,13,115,1
16,112,13,1
16,70,125,0
16,13,89,1
16,112,61,1
16,71,124,0
16,71,125,1
16,70,124,1
16,70,125,1
16,70,124,0
16,70,124,0
16,71,125,0
16,70,125,0
16,71,124,0
16,71,125,1
16,70,124,1
16,71,125,0
16,70,124,0
16,70,124,0
16,71,124,0
16,71,125,1
16,71,125,0
16,70,124,0
16,70,124,0
16,71,124,0
16,71,125,1
16,70,124,1
16,71,125,0
16,70,124,0
16,70,124,0
16,70,125,0
16,71,124,0
16,71,125,1
16,70,125,1
16,70,124,1
16,71,125,0
16,70,124,0
16,70,124,0
16,70,125,0
16,70,125,0
16,71,124,0
16,70,124,1
16,71,125,1
16,77,35,1
16,95,121,1
16,48,83,1
16,43,43,1
16,70,125,1
16,126,73,1
16,118,26,1
16,24,76,1
16,70,124,0
16,71,125,0
16,70,125,0
16,71,124,0
16,71,125,1
16,79,82,1
16,44,2,1
16,55,70,1
16,70,124,1
16,71,124,0
16,70,124,0
16,70,124,0
16,70,125,0
16,71,125,0
16,71,125,0
16,71,125,0
16,71,124,1
16,71,125,1
16,70,125,1
16,71,125,0
16,70,124,0
16,71,124,0
16,70,125,0
16,71,125,1
16,70,124,1
16,70,125,1
16,70,124,0
16,70,124,0
16,71,125,0
16,70,125,0
16,71,124,0
16,71,125,1
16,70,124,1
16,70,125,1
16,70,124,0
16,70,124,0
16,71,125,0
16,70,125,0
16,71,124,0
16,71,125,1
16,70,124,1
16,71,125,0
16,70,124,0
16,70,124,0
16,70,124,0
16,71,124,0
16,71,125,1
16,70,125,1
16,37,105,1
16,70,124,0
16,71,125,0
16,70,125,0
16,71,124,0
16,71,125,1
16,70,124,1
16,70,125,1
16,70,124,0
16,70,124,0
16,71,125,0
16,71,124,0
16,70,125,0
16,71,125,1
16,70,124,1
16,70,125,1
16,70,124,0
16,70,124,0
16,71,125,0
16,70,125,0
16,71,124,0
16,71,125,1
16,70,124,1
16,71,125,0
16,70,124,0
16,70,124,0
16,71,124,0
16,71,125,1
16,70,125,1
16,71,125,0
16,70,124,0
16,71,124,0
16,70,125,0
16,71,125,1
16,70,124,1
16,71,125,0
16,70,124,0
16,70,124,0
16,71,124,0
16,71,125,1
16,70,125,1
16,28,99,1
16,70,124,0
16,71,125,0
16,8,92,1
16,70,125,0
16,71,124,0
16,65,32,1
16,71,125,1
16,30,55,1
16,34,85,1
16,12,82,1
16,24,93,1
16,24,7,1
16,31,115,1
16,24,14,1
16,12,111,1
16,54,37,1
16,95,66,1
16,103,32,1
16,95,5,1
16,75,28,1
16,8,62,1
16,96,6,1
16,70,124,1
16,104,76,1
16,71,125,0
16,70,124,0
16,70,124,0
16,53,57,1
16,71,124,0
16,71,125,1
16,71,125,0
16,70,124,0
16,71,124,0
16,71,125,1
16,70,124,1
16,71,125,0
16,70,124,0
16,70,124,0
16,71,124,0
16,71,125,1
16,70,124,1
16,71,125,0
16,70,124,0
16,70,124,0
16,71,124,0
16,71,125,1
16,70,124,1
16,70,125,1
16,70,124,0
16,70,124,0
16,71,125,0
16,70,125,0
16,71,124,0
16,71,125,1
16,70,124,1
16,13,75,1
16,117,28,1
16,122,120,1
16,71,125,0
16,5,14,1
16,70,124,0
16,70,124,0
16,70,124,0
16,71,124,0
16,71,125,1
16,67,111,1
16,71,125,0
16,70,124,0
16,70,124,0
16,71,124,0
16,17,34,1
16,71,125,1
16,71,125,0
16,70,124,0
16,71,124,0
16,71,125,1
16,70,125,1
16,70,124,0
16,71,125,0
16,70,125,0
16,71,124,0
16,71,125,1
16,70,124,1
16,71,125,0
16,70,124,0
16,70,124,0
16,71,124,0
16,71,125,1
16,121,67,1
16,71,125,0
16,70,124,0
16,70,124,0
16,71,124,0
16,71,125,1
16,70,124,1
16,71,125,0
16,70,124,0
16,70,124,0
16,70,124,0
16,71,124,0
16,71,125,1
16,111,89,1
16,70,125,1
16,115,112,1
16,30,36,1
16,87,101,1
16,10,10,1
16,70,124,0
16,71,125,0
16,71,124,0
16,70,125,0
16,71,125,1
16,110,64,1
16,70,124,1
16,70,126,1
16,117,51,1
16,71,126,1
16,71,125,0
16,70,124,0
16,70,124,0
16,71,124,0
16,71,124,0
16,70,126,0
16,70,126,0
16,70,125,0
16,71,125,1
16,71,124,1
16,70,124,1
16,70,125,1
16,70,124,0
16,70,124,0
16,71,124,0
16,71,125,0
16,71,125,0
16,70,125,0
16,71,124,1
16,71,125,1
16,70,124,1
16,70,125,1
16,34,112,1
16,71,125,0
16,70,124,0
16,70,124,0
16,71,124,0
16,71,124,0
16,70,125,0
16,71,125,1
16,70,124,1
16,70,126,1
16,71,126,1
16,70,124,0
16,70,124,0
16,71,125,0
16,70,126,0
16,70,126,0
16,70,125,0
16,71,124,0
16,71,125,1
16,70,124,1
16,70,125,1
16,71,125,0
16,70,124,0
16,70,124,0
16,71,124,0
16,70,125,0
16,69,40,1
16,71,125,1
16,109,10,1
16,124,0,1
16,70,124,1
16,70,126,1
16,107,76,1
16,29,20,1
16,70,124,0
16,71,125,0
16,70,126,0
16,70,126,0
16,71,124,0
16,71,124,0
16,70,125,0
16,71,125,1
16,71,124,1
16,70,124,1
16,70,125,1
16,71,124,0
16,70,124,0
16,70,124,0
16,70,125,0
16,71,125,0
16,71,124,1
16,124,7,1
16,70,124,1
16,70,126,1
16,71,125,0
16,70,124,0
16,70,124,0
16,70,126,0
16,71,124,0
16,70,125,0
16,71,125,1
16,70,124,1
16,70,125,1
16,70,124,0
16,70,124,0
16,71,125,0
16,70,125,0
16,71,124,0
16,89,126,1
16,71,125,1
16,28,59,1
16,70,124,1
16,70,125,1
16,70,125,0
16,71,124,0
16,70,124,1
16,71,125,1
16,70,125,1
16,70,124,0
16,71,125,0
16,70,125,0
16,71,124,0
16,71,125,1
16,70,124,1
16,70,125,1
16,46,66,1
16,51,7,1
16,30,65,1
16,52,106,1
16,95,125,1
16,70,124,0
16,70,124,0
16,71,125,0
16,89,70,1
16,89,17,1
16,79,19,1
16,70,125,0
16,55,69,1
16,33,120,1
16,71,124,0
16,71,125,1
16,72,124,1
16,103,91,1
16,60,82,1
16,24,123,1
16,15,71,1
16,110,8,1
16,70,124,1
16,70,126,1
16,70,118,1
16,0,14,1
16,80,12,1
16,13,15,1
16,71,124,0
16,70,124,0
16,70,124,0
16,70,126,0
16,70,125,0
16,71,125,0
16,71,124,1
16,70,124,1
16,70,125,1
16,71,125,0
16,70,124,0
16,70,124,0
16,71,124,0
16,70,125,0
16,71,125,1
16,70,124,1
16,70,126,1
16,70,124,0
16,70,124,0
16,71,125,0
16,70,126,0
16,71,124,0
16,70,125,0
16,71,125,1
16,70,124,1
16,70,125,1
16,71,125,0
16,70,124,0
16,71,124,0
16,70,125,0
16,71,125,1
16,70,124,1
16,70,126,1
16,71,125,0
16,70,124,0
16,70,126,0
16,71,124,0
16,70,125,0
16,70,124,1
16,71,125,1
16,70,125,1
16,71,125,0
16,70,124,0
16,70,124,0
16,71,124,0
16,70,125,0
16,70,124,1
16,71,125,1
16,70,126,1
16,70,124,0
16,71,125,0
16,70,126,0
16,71,124,0
16,70,125,0
16,71,125,1
16,94,67,1
16,70,124,1
16,117,90,1
16,70,125,1
16,31,77,1
16,93,114,1
16,71,125,0
16,70,124,0
16,70,124,0
16,71,124,0
16,70,125,0
16,71,125,1
16,70,124,1
16,70,125,1
16,70,124,0
16,70,124,0
16,71,125,0
16,71,124,0
16,71,124,0
16,70,125,0
16,71,125,1
16,71,124,1
16,70,124,1
16,70,125,1
16,71,125,0
16,70,124,0
16,71,124,0
16,70,125,0
16,71,125,1
16,70,124,1
16,70,125,1
16,70,124,0
16,71,125,0
16,71,125,0
16,70,125,0
16,71,124,0
16,71,125,1
16,70,124,1
16,70,126,1
16,71,124,0
16,70,124,0
16,70,124,0
16,70,126,0
16,71,125,0
16,70,125,0
16,24,11,1
16,71,124,1
16,70,124,1
16,70,125,1
16,71,126,1
16,98,16,1
16,85,47,1
16,27,63,1
16,98,54,1
16,93,0,1
16,94,112,1
16,94,115,1
16,71,126,0
16,71,125,0
16,70,124,0
16,70,124,0
16,71,124,0
16,70,125,0
16,71,125,1
16,41,67,1
16,70,124,1
16,70,126,1
16,71,125,0
16,70,124,0
16,70,124,0
16,70,126,0
16,70,126,0
16,71,124,0
16,70,125,0
16,71,125,1
16,70,124,1
16,70,126,1
16,71,125,0
16,70,124,0
16,70,124,0
16,70,126,0
16,70,126,0
16,71,124,0
16,71,125,1
16,70,124,1
16,70,125,1
16,70,124,0
16,70,124,0
16,71,125,0
16,71,124,0
16,70,125,0
16,71,125,1
16,70,124,1
16,70,125,1
16,70,124,0
16,71,125,0
16,70,125,0
16,71,124,0
16,71,125,1
16,70,124,1
16,70,125,1
16,71,125,0
16,70,124,0
16,70,124,0
16,71,124,0
16,70,125,0
16,71,125,1
16,70,124,1
16,70,125,1
16,70,124,0
16,71,125,0
16,70,125,0
16,71,124,0
16,71,125,1
16,83,2,1
16,70,124,1
16,70,125,1
16,70,124,0
16,71,125,0
16,71,125,0
16,70,125,0
16,71,125,1
16,70,124,1
16,70,125,1
16,70,124,0
460,71,125,0
460,70,125,0
460,71,124,0
460,71,125,1
460,70,124,1
460,70,125,1
460,70,124,0
460,71,125,0
460,70,125,0
460,71,124,0
460,71,125,1
460,70,124,1
460,71,125,0
460,70,124,0
460,70,124,0
460,70,124,0
460,71,124,0
460,71,125,1
460,56,9,1
460,70,124,1
460,70,125,1
460,70,124,0
460,70,124,0
460,71,125,0
460,70,125,0
460,71,124,0
460,71,125,1
460,70,124,1
460,70,125,1
460,71,124,0
460,71,124,0
460,70,124,0
460,70,124,0
460,70,125,0
460,71,125,0
460,64,104,1
460,61,110,1
460,71,124,1
460,25,60,1
460,37,40,1
460,81,105,1
460,70,124,1
460,70,126,1
460,35,22,1
460,35,119,1
460,70,124,0
460,71,124,0
460,70,126,0
460,70,126,0
460,116,48,1
460,115,62,1
460,70,125,0
460,71,125,0
460,71,124,1
460,70,124,1
460,70,125,1
460,71,124,0
460,70,124,0
460,70,124,0
460,70,125,0
460,71,125,0
460,71,124,1
460,71,126,1
460,70,124,1
460,70,125,1
460,122,10,1
460,70,124,0
460,70,124,0
460,71,126,0
460,71,124,0
460,70,125,0
460,71,124,1
460,52,120,1
460,71,126,1
460,70,124,1
460,70,125,1
460,71,126,0
460,70,124,0
460,71,124,0
460,70,125,0
460,71,125,0
460,71,124,1
460,71,126,1
460,70,124,1
460,70,125,1
460,71,124,0
460,70,124,0
460,70,124,0
460,71,126,0
460,70,125,0
460,71,125,0
460,24,72,1
460,71,124,1
460,71,126,1
460,70,124,1
460,70,126,1
460,71,124,0
460,70,124,0
460,71,126,0
460,70,126,0
460,70,126,0
460,70,125,0
460,71,125,0
460,71,124,1
460,22,33,1
460,70,124,1
460,71,126,1
460,70,125,1
460,55,49,1
460,71,124,0
460,70,124,0
460,70,124,0
460,71,126,0
460,71,125,0
460,70,125,0
460,71,124,1
460,87,10,1
460,71,126,1
460,7,55,1
460,70,124,1
460,70,126,1
460,125,9,1
460,70,124,0
460,70,124,0
460,71,126,0
460,71,124,0
460,70,126,0
460,70,126,0
460,70,125,0
460,71,124,1
460,70,124,1
460,121,127,1
460,71,126,1
460,70,125,1
460,71,124,0
460,70,124,0
460,70,124,0
460,71,126,0
460,71,125,0
460,70,125,0
460,71,124,1
460,71,126,1
460,70,124,1
460,70,125,1
460,71,124,0
460,70,124,0
460,70,124,0
460,71,126,0
460,70,125,0
460,71,125,0
460,71,124,1
460,71,126,1
460,70,124,1
460,70,125,1
460,71,124,0
460,70,124,0
460,71,126,0
460,70,125,0
460,71,125,0
460,71,124,1
460,71,126,1
460,70,124,1
460,70,125,1
460,71,124,0
460,70,124,0
460,71,126,0
460,70,125,0
460,71,125,0
460,71,124,1
460,71,126,1
460,70,124,1
460,70,126,1
460,69,0,1
460,87,127,1
460,70,124,0
460,70,124,0
460,71,124,0
460,87,86,1
460,71,126,0
460,70,126,0
460,32,11,1
460,113,94,1
460,50,109,1
460,70,125,0
460,71,125,0
460,121,60,1
460,94,116,1
460,71,124,1
460,71,126,1
460,70,124,1
460,70,125,1
460,71,126,0
460,70,124,0
460,71,124,0
460,70,125,0
460,71,124,1
460,71,126,1
460,70,124,1
460,70,125,1
460,71,124,0
460,70,124,0
460,70,124,0
460,71,126,0
460,70,125,0
460,71,125,0
460,71,124,1
460,71,126,1
460,70,124,1
460,70,125,1
460,71,124,0
460,70,124,0
460,71,126,0
460,70,125,0
460,71,125,0
460,71,124,1
460,71,126,1
460,70,124,1
460,70,125,1
460,71,124,0
460,71,124,0
460,70,124,0
460,70,124,0
460,71,126,0
460,93,8,1
460,70,125,0
460,71,125,0
460,71,124,1
460,71,126,1
460,70,124,1
460,70,126,1
460,71,124,0
460,71,126,0
460,70,124,0
460,70,124,0
460,70,126,0
460,71,125,0
460,70,125,0
460,71,124,1
460,71,126,1
460,70,124,1
460,70,125,1
460,70,124,0
460,70,124,0
460,71,126,0
460,71,124,0
460,70,125,0
460,71,124,1
460,71,126,1
460,70,124,1
460,70,125,1
460,71,124,0
460,70,124,0
460,70,124,0
460,84,90,1
460,71,126,0
460,16,98,1
460,70,125,0
460,71,125,0
460,42,49,1
460,91,71,1
460,86,101,1
460,15,125,1
460,86,24,1
460,17,21,1
460,120,29,1
460,71,124,1
460,71,126,1
460,40,35,1
460,41,77,1
460,41,118,1
460,1,77,1
460,70,124,1
460,70,125,1
460,70,124,0
460,70,124,0
460,71,124,0
460,71,125,0
460,70,125,0
460,71,126,0
460,71,125,1
460,71,124,1
460,70,124,1
460,71,124,0
460,71,126,0
460,70,124,0
460,70,124,0
460,71,125,0
460,71,124,1
460,71,126,1
460,70,124,1
460,70,125,1
460,71,124,0
460,70,124,0
460,71,126,0
460,71,125,0
460,70,125,0
460,71,124,1
460,71,126,1
460,70,124,1
460,70,125,1
460,71,126,0
460,70,124,0
460,70,124,0
460,71,124,0
460,70,125,0
460,71,124,1
460,71,126,1
460,70,124,1
460,70,125,1
460,71,124,0
460,70,124,0
460,70,124,0
460,71,126,0
460,70,125,0
460,71,125,0
460,71,124,1
460,25,50,1
460,102,50,1
460,71,126,1
460,70,124,1
460,70,125,1
460,55,77,1
460,124,38,1
460,71,126,0
460,70,124,0
460,71,124,0
460,70,125,0
460,71,125,0
460,71,124,1
460,33,38,1
460,71,126,1
460,70,124,1
460,111,2,1
460,70,125,1
460,71,124,0
460,70,124,0
460,70,124,0
460,71,126,0
460,70,125,0
460,71,125,0
460,71,124,1
460,71,126,1
460,70,124,1
460,70,125,1
460,71,124,0
460,70,124,0
460,70,124,0
460,71,126,0
460,70,125,0
460,71,125,0
460,71,124,1
460,71,126,1
460,70,124,1
460,70,125,1
460,71,124,0
460,70,124,0
460,71,126,0
460,70,125,0
460,71,125,0
460,71,124,1
460,71,126,1
460,70,124,1
460,70,125,1
460,70,124,0
460,70,124,0
460,71,124,0
460,71,124,0
460,71,126,0
460,70,125,0
460,71,125,0
460,71,124,1
460,16,30,1
460,71,126,1
460,70,124,1
460,70,125,1
460,71,126,0
460,71,124,0
460,70,124,0
460,70,124,0
460,70,125,0
460,71,125,0
460,71,124,1
460,71,126,1
460,70,124,1
460,70,125,1
460,85,57,1
460,70,124,0
460,70,124,0
460,71,124,0
460,71,125,0
460,70,125,0
460,71,126,0
460,71,125,1
460,71,124,1
460,70,124,1
460,70,125,1
460,7,107,1
460,98,52,1
460,70,124,0
460,70,124,0
460,71,124,0
460,71,125,0
460,70,125,0
460,71,126,0
460,71,125,1
460,71,124,1
460,70,124,1
460,70,125,1
460,70,124,0
460,71,124,0
460,71,125,0
460,70,125,0
460,71,126,0
460,71,125,1
460,71,124,1
460,70,124,1
460,70,125,1
460,70,124,0
460,70,124,0
460,71,124,0
460,71,125,0
460,70,125,0
460,71,126,0
460,71,125,1
460,71,124,1
460,70,124,1
460,70,125,1
460,70,124,0
460,71,124,0
460,71,125,0
460,70,125,0
460,71,126,0
460,71,125,1
460,71,124,1
460,70,124,1
460,70,125,1
460,70,124,0
460,71,124,0
460,71,125,0
460,70,125,0
460,71,126,0
460,71,125,1
460,71,124,1
460,70,124,1
460,70,126,1
460,65,68,1
460,81,84,1
460,70,124,0
460,70,124,0
460,71,124,0
460,71,125,0
460,70,126,0
460,70,125,0
460,71,126,0
460,71,124,1
460,70,124,1
460,70,125,1
460,71,124,0
460,70,124,0
460,70,124,0
460,70,125,0
460,71,126,0
460,71,124,1
460,70,124,1
460,70,125,1
460,70,124,0
460,71,124,0
460,70,125,0
460,71,126,0
460,71,124,1
460,70,124,1
460,70,125,1
460,70,124,0
460,70,124,0
460,71,124,0
460,71,124,0
460,70,125,0
460,71,126,0
460,71,124,1
460,70,124,1
460,70,126,1
460,70,124,0
460,71,124,0
460,70,126,0
460,70,125,0
460,71,126,0
460,71,124,1
460,70,124,1
460,70,125,1
460,70,124,0
460,70,124,0
460,71,124,0
460,70,125,0
460,71,126,0
460,71,124,1
460,70,124,1
460,71,125,1
460,70,125,1
460,71,125,0
460,70,124,0
460,70,124,0
460,71,124,0
460,71,126,0
460,70,125,0
460,71,125,1
460,70,124,1
460,70,126,1
460,96,7,1
460,70,124,0
460,70,124,0
460,71,125,0
460,70,126,0
460,70,126,0
460,70,125,0
460,71,126,0
460,71,125,1
460,97,78,1
460,97,125,1
460,38,119,1
460,70,124,1
460,71,125,0
460,71,126,0
460,71,125,1
460,125,4,1
460,71,125,0
460,71,125,0
460,70,124,0
460,70,124,0
460,71,126,0
460,71,125,1
460,71,125,0
460,71,125,0
460,71,126,0
460,71,125,1
460,71,125,0
460,71,125,0
460,70,124,0
460,70,124,0
460,70,124,0
460,71,126,0
460,71,125,1
460,71,125,0
460,71,125,0
460,70,124,0
460,70,124,0
460,71,126,0
460,71,125,1
460,94,21,1
460,23,109,1
460,71,124,1
460,70,125,1
460,71,124,0
460,70,124,0
460,71,125,0
460,71,126,0
460,70,125,0
460,71,124,1
460,0,4,1
460,70,124,1
460,71,124,0
460,70,124,0
460,70,124,0
460,71,126,0
460,71,124,1
460,70,124,1
460,71,124,0
460,71,124,0
460,70,124,0
460,70,124,0
460,70,124,0
460,71,126,0
460,71,124,1
460,70,124,1
460,71,124,0
460,71,124,0
460,70,124,0
460,70,124,0
460,71,126,0
460,71,124,1
460,70,124,1
460,71,124,0
460,70,124,0
460,70,124,0
460,71,126,0
460,71,124,1
460,70,124,1
460,71,124,0
460,71,124,0
460,70,124,0
460,70,124,0
460,71,126,0
460,71,124,1
460,83,33,1
460,70,124,1
460,70,125,1
460,82,108,1
460,70,124,0
460,71,124,0
460,71,126,0
460,71,126,0
460,70,125,0
460,71,124,1
460,26,40,1
460,26,23,1
460,70,124,1
460,71,125,1
460,95,16,1
460,54,55,1
460,7,19,1
460,12,68,1
460,71,125,0
460,71,124,0
460,71,124,0
460,70,124,0
460,70,124,0
460,70,124,0
460,71,126,0
460,71,125,1
460,71,124,1
460,71,124,0
460,71,125,0
460,71,125,0
460,70,124,0
460,70,124,0
460,71,126,0
460,71,124,1
460,71,124,0
460,70,124,0
460,71,126,0
460,71,124,1
460,2,108,1
460,70,124,1
460,71,124,0
460,70,124,0
460,70,124,0
460,71,126,0
460,71,124,1
460,71,124,0
460,70,124,0
460,70,124,0
460,70,124,0
460,71,126,0
460,71,124,1
460,71,124,0
460,71,124,0
460,70,124,0
460,70,124,0
460,71,126,0
460,71,126,0
460,0,16,1
460,80,104,1
460,71,124,1
460,1,14,1
460,71,125,1
460,70,124,1
460,70,125,1
460,7,126,1
460,71,125,0
460,70,124,0
460,70,124,0
460,70,125,0
460,71,124,0
460,71,124,0
460,71,126,0
460,70,124,1
460,71,125,1
460,71,125,0
460,71,125,0
460,71,124,0
460,71,125,1
460,70,125,1
460,71,124,1
460,71,124,0
460,70,124,0
460,70,124,0
460,71,125,0
460,70,125,0
460,71,126,0
460,71,124,1
460,70,124,1
460,70,125,1
460,70,124,0
460,71,124,0
460,71,126,0
460,70,125,0
460,71,124,1
460,71,125,1
460,70,124,1
460,71,124,0
460,70,124,0
460,70,124,0
460,71,125,0
460,71,124,1
460,71,126,1
460,71,126,0
460,71,124,0
460,70,124,0
460,70,124,0
460,71,125,0
460,71,124,1
460,70,124,1
460,71,126,1
460,71,124,0
460,71,126,0
460,71,63,1
460,70,124,0
460,70,124,0
460,71,125,0
460,71,124,1
460,55,19,1
460,107,4,1
460,71,126,1
460,115,79,1
460,71,126,0
460,71,124,0
460,70,124,0
460,71,125,0
460,71,124,1
460,125,8,1
460,71,126,1
460,70,124,1
460,71,124,0
460,71,126,0
460,70,124,0
460,70,124,0
460,70,125,0
460,71,125,0
460,71,124,1
460,71,126,1
460,71,124,0
460,71,126,0
460,71,125,0
460,71,124,1
460,71,126,1
460,71,124,0
460,71,126,0
460,71,125,0
460,71,124,1
460,71,126,1
460,71,126,0
460,71,124,0
460,71,124,1
460,38,85,1
460,71,126,1
460,70,125,1
460,98,3,1
460,67,14,1
460,62,17,1
460,50,89,1
460,78,89,1
460,78,48,1
460,62,6,1
460,49,67,1
460,71,126,0
460,109,115,1
460,71,124,0
460,70,124,0
460,70,124,0
460,30,119,1
460,112,120,1
460,75,52,1
460,0,110,1
460,4,122,1
460,70,125,0
460,43,50,1
460,71,124,1
460,41,66,1
460,110,21,1
460,116,107,1
460,113,109,1
460,124,107,1
460,88,37,1
460,110,125,1
460,71,126,1
460,71,124,0
460,71,126,0
460,70,124,0
460,70,125,0
460,71,125,0
460,71,124,1
460,70,124,1
460,71,126,1
460,70,125,1
460,71,126,0
460,70,124,0
460,71,124,0
460,70,125,0
460,71,125,0
460,71,124,1
460,70,124,1
460,71,126,1
460,71,124,0
460,71,126,0
460,70,124,0
460,70,124,0
460,70,124,0
460,71,125,0
460,71,124,1
460,71,126,1
460,71,124,0
460,71,126,0
460,110,96,1
460,70,124,0
460,70,124,0
460,71,125,0
460,71,124,1
460,71,126,1
460,70,124,1
460,71,124,0
460,71,126,0
460,70,124,0
460,70,124,0
460,70,124,0
460,71,125,0
460,71,124,1
460,71,126,1
460,70,125,1
460,71,124,0
460,70,124,0
460,70,124,0
460,71,126,0
460,70,125,0
460,71,125,0
460,71,124,1
460,70,124,1
460,71,126,1
460,70,125,1
460,10,106,1
460,15,79,1
460,61,47,1
460,71,124,0
460,70,124,0
460,71,126,0
460,70,125,0
460,23,51,1
460,71,125,0
460,71,124,1
460,70,124,1
460,71,126,1
460,0,1,1
460,71,126,0
460,71,124,0
460,70,124,0
460,70,124,0
460,71,125,0
460,71,124,1
460,70,125,1
460,71,126,1
460,71,124,0
460,71,126,0
460,70,124,0
460,70,124,0
460,71,125,0
460,70,125,0
460,71,124,1
460,71,126,1
460,70,124,1
460,70,125,1
460,71,124,0
460,70,124,0
460,70,124,0
460,71,126,0
460,70,125,0
460,71,125,0
460,71,124,1
460,71,126,1
460,70,124,1
460,71,126,0
460,71,124,0
460,70,124,0
460,70,124,0
460,71,125,0
460,71,124,1
460,71,126,1
460,71,124,0
460,71,126,0
460,70,124,0
460,116,21,1
460,71,125,0
460,91,43,1
460,71,124,1
460,86,84,1
460,45,92,1
460,71,126,1
460,70,124,1
460,70,125,1
460,100,15,1
460,55,46,1
460,50,119,1
460,71,126,0
460,70,124,0
460,70,124,0
460,71,124,0
460,7,23,1
460,70,125,0
460,70,125,0
460,71,125,0
460,71,124,1
460,70,124,1
460,80,35,1
460,79,20,1
460,71,126,1
460,71,124,0
460,71,126,0
460,78,20,1
460,71,125,0
460,71,124,1
460,71,126,1
460,71,126,0
460,71,124,0
460,71,125,0
460,71,124,1
460,71,126,1
460,71,124,0
460,71,126,0
460,70,124,0
460,70,124,0
460,71,125,0
460,71,124,1
460,71,126,1
460,71,126,0
460,71,125,0
460,71,124,0
460,71,125,1
460,71,125,0
460,70,124,0
460,70,124,0
460,71,124,0
460,71,125,1
460,70,125,1
460,122,107,1
460,70,124,1
460,13,101,1
460,71,125,0
460,70,124,0
460,70,124,0
460,71,124,0
460,70,125,0
460,71,125,1
460,88,120,1
460,17,70,1
460,51,40,1
460,25,1,1
460,68,40,1
460,70,124,1
460,111,80,1
460,75,49,1
460,29,99,1
460,33,24,1
460,31,91,1
460,33,88,1
460,80,73,1
460,70,125,1
460,33,95,1
460,95,19,1
460,71,124,0
460,70,124,0
460,70,125,0
460,70,125,0
460,71,125,0
460,70,124,1
460,71,124,1
460,71,126,1
460,71,124,0
460,71,125,0
460,71,126,0
460,71,125,1
460,71,124,1
460,71,124,0
460,71,125,0
460,71,126,0
460,71,124,1
460,71,124,0
460,71,126,0
460,71,124,1
460,71,125,1
460,71,125,0
460,71,124,0
460,71,124,0
460,71,126,0
460,71,125,1
460,71,124,1
460,71,125,1
460,7,46,1
460,71,125,0
460,71,124,0
460,71,124,0
460,71,126,0
460,46,11,1
460,71,125,1
460,71,124,1
460,97,123,1
460,71,124,0
460,71,125,0
460,71,126,0
460,71,124,1
460,71,124,0
460,71,126,0
460,71,124,1
460,70,125,1
460,70,124,0
894,70,124,0
894,71,124,0
894,70,125,0
894,70,125,0
894,71,126,0
894,71,124,1
894,70,124,1
894,71,125,1
894,71,125,0
894,71,124,0
894,71,125,1
894,71,126,1
894,70,125,1
894,127,65,1
894,71,125,0
894,70,124,0
894,71,126,0
894,71,126,0
894,70,125,0
894,70,125,0
894,71,124,0
894,71,125,1
894,70,124,1
894,71,126,1
894,71,126,0
894,71,125,0
894,71,125,1
894,71,126,1
894,44,21,1
894,65,72,1
894,27,83,1
894,65,4,1
894,45,84,1
894,45,119,1
894,71,23,1
894,18,100,1
894,71,125,0
894,18,85,1
894,71,126,0
894,85,95,1
894,71,125,1
894,71,124,1
894,71,125,0
894,71,124,0
894,71,125,1
894,71,125,0
894,71,124,0
894,71,125,1
894,71,125,0
894,71,125,0
894,71,124,0
894,71,125,1
894,71,125,0
894,71,124,0
894,71,125,1
894,12,8,1
894,71,125,0
894,71,124,0
894,67,58,1
894,75,95,1
894,75,3,1
894,71,125,1
894,93,42,1
894,103,73,1
894,124,105,1
894,57,123,1
894,71,125,0
894,70,124,0
894,70,124,0
894,71,124,0
894,71,125,1
894,70,125,1
894,70,124,0
894,71,125,0
894,70,125,0
894,71,124,0
894,71,125,1
894,70,124,1
894,71,125,0
894,70,124,0
894,70,124,0
894,70,124,0
894,71,124,0
894,71,125,1
894,71,125,0
894,70,124,0
894,70,124,0
894,70,125,0
894,71,124,0
894,71,125,1
894,70,125,1
894,71,125,0
894,70,124,0
894,70,124,0
894,71,124,0
894,70,125,0
894,71,125,1
894,70,124,1
894,71,125,0
894,70,124,0
894,70,124,0
894,71,124,0
894,71,125,1
894,70,124,1
894,70,125,1
894,70,124,0
894,70,124,0
894,71,125,0
894,70,125,0
894,70,125,0
894,71,124,0
894,71,124,0
894,2,40,1
894,70,124,1
894,71,125,1
894,81,19,1
894,71,124,1
894,108,1,1
894,100,87,1
894,113,98,1
894,125,105,1
894,33,64,1
894,95,58,1
894,57,39,1
894,1,79,1
894,1,105,1
894,1,40,1
894,43,45,1
894,64,24,1
894,71,125,0
894,71,124,0
894,71,124,0
894,71,125,1
894,71,124,1
894,71,125,0
894,70,124,0
894,70,124,0
894,71,124,0
894,71,124,0
894,71,125,1
894,71,124,1
894,70,125,1
894,71,125,0
894,70,124,0
894,35,100,1
894,71,124,0
894,70,125,0
894,71,125,1
894,70,124,1
894,71,125,0
894,70,124,0
894,70,124,0
894,71,124,0
894,71,125,1
894,70,125,1
894,70,124,0
894,71,125,0
894,70,125,0
894,71,124,0
894,71,125,1
894,70,124,1
894,70,125,1
894,108,87,1
894,74,1,1
894,74,110,1
894,70,124,0
894,71,125,0
894,70,125,0
894,70,125,0
894,71,124,0
894,1,6,1
894,23,37,1
894,70,124,1
894,71,125,1
894,90,116,1
894,78,119,1
894,70,125,1
894,104,91,1
894,71,125,0
894,70,124,0
894,71,124,0
894,71,124,0
894,70,125,0
894,71,125,1
894,71,124,1
894,70,124,1
894,71,124,0
894,70,124,0
894,70,124,0
894,71,125,0
894,71,124,1
894,71,126,1
894,71,126,0
894,71,124,0
894,70,124,0
894,70,124,0
894,71,125,0
894,71,124,1
894,71,126,1
894,70,124,1
894,71,124,0
894,71,126,0
894,70,124,0
894,70,124,0
894,71,125,0
894,71,124,1
894,71,126,1
894,71,124,0
894,71,126,0
894,70,124,0
894,70,124,0
894,71,125,0
894,71,124,1
894,71,126,1
894,70,124,1
894,70,125,1
894,71,126,0
894,70,124,0
894,70,124,0
894,71,124,0
894,70,125,0
894,71,125,0
894,71,124,1
894,70,124,1
894,71,126,1
894,61,28,1
894,71,124,0
894,71,126,0
894,70,124,0
894,70,124,0
894,70,124,0
894,48,108,1
894,71,125,0
894,4,59,1
894,71,124,1
894,8,96,1
894,71,126,1
894,125,113,1
894,71,124,0
894,71,126,0
894,70,124,0
894,70,124,0
894,70,124,0
894,71,125,0
894,71,124,1
894,71,126,1
894,70,124,1
894,71,124,0
894,71,124,0
894,71,126,0
894,70,124,0
894,70,124,0
894,71,125,0
894,71,124,1
894,71,126,1
894,71,124,0
894,71,126,0
894,70,124,0
894,70,124,0
894,70,124,0
894,71,125,0
894,71,124,1
894,71,126,1
894,70,125,1
894,70,125,0
894,71,126,0
894,71,126,0
894,71,124,0
894,71,124,1
894,71,126,1
894,70,125,1
894,70,125,1
894,70,124,1
894,71,124,0
894,71,126,0
894,70,124,0
894,70,124,0
894,70,125,0
894,70,125,0
894,82,3,1
894,71,125,0
894,71,124,1
894,70,124,1
894,22,66,1
894,114,92,1
894,24,27,1
894,33,26,1
894,71,126,1
894,25,44,1
894,8,53,1
894,97,44,1
894,48,35,1
894,127,28,1
894,52,45,1
894,56,32,1
894,32,51,1
894,127,80,1
894,52,125,1
894,70,125,1
894,56,127,1
894,127,111,1
894,102,91,1
894,88,51,1
894,71,126,0
894,70,124,0
894,71,124,0
894,70,125,0
894,71,125,0
894,71,124,1
894,125,110,1
894,71,126,1
894,70,124,1
894,71,124,0
894,71,126,0
894,70,124,0
894,70,124,0
894,70,125,0
894,71,125,0
894,71,124,1
894,70,125,1
894,71,126,1
894,71,124,0
894,71,126,0
894,70,124,0
894,70,124,0
894,71,125,0
894,70,125,0
894,71,124,1
894,71,126,1
894,7,68,1
894,70,124,1
894,71,124,0
894,71,126,0
894,70,124,0
894,70,124,0
894,71,125,0
894,71,124,1
894,71,126,1
894,70,124,1
894,84,127,1
894,71,126,0
894,71,124,0
894,70,124,0
894,70,124,0
894,71,125,0
894,71,124,1
894,71,126,1
894,70,124,1
894,71,124,0
894,71,126,0
894,70,124,0
894,70,124,0
894,70,124,0
894,71,125,0
894,71,124,1
894,71,126,1
894,70,124,1
894,71,124,0
894,71,126,0
894,70,124,0
894,70,124,0
894,70,124,0
894,71,125,0
894,71,124,1
894,11,13,1
894,71,126,1
894,70,124,1
894,115,73,1
894,70,125,1
894,81,49,1
894,93,13,1
894,81,24,1
894,23,3,1
894,18,56,1
894,8,36,1
894,98,49,1
894,112,76,1
894,110,55,1
894,84,103,1
894,116,70,1
894,99,11,1
894,102,29,1
894,11,115,1
894,22,39,1
894,71,124,0
894,70,124,0
894,71,126,0
894,70,125,0
894,71,125,0
894,71,124,1
894,71,126,1
894,70,124,1
894,71,126,0
894,71,124,0
894,70,124,0
894,70,124,0
894,70,124,0
894,71,125,0
894,71,124,1
894,71,126,1
894,71,124,0
894,71,126,0
894,70,124,0
894,71,125,0
894,71,124,1
894,71,126,1
894,70,124,1
894,66,38,1
894,71,124,0
894,71,126,0
894,70,124,0
894,70,124,0
894,71,125,0
894,71,124,1
894,71,126,1
894,70,124,1
894,70,125,1
894,71,124,0
894,70,124,0
894,71,126,0
894,70,125,0
894,71,125,0
894,71,124,1
894,123,33,1
894,71,126,1
894,70,124,1
894,70,125,1
894,16,79,1
894,70,124,0
894,71,124,0
894,71,126,0
894,70,125,0
894,82,85,1
894,71,125,0
894,71,124,1
894,71,126,1
894,70,124,1
894,71,124,0
894,71,126,0
894,70,124,0
894,70,124,0
894,71,125,0
894,71,124,1
894,71,126,1
894,71,124,0
894,71,126,0
894,70,124,0
894,70,124,0
894,71,125,0
894,71,124,1
894,71,126,1
894,70,124,1
894,71,126,0
894,71,124,0
894,70,124,0
894,71,125,0
894,71,124,1
894,71,126,1
894,70,124,1
894,71,124,0
894,71,126,0
894,70,124,0
894,70,124,0
894,70,125,0
894,71,125,0
894,71,124,1
894,70,124,1
894,71,126,1
894,71,124,0
894,71,126,0
894,107,12,1
894,71,125,0
894,71,124,1
894,71,126,1
894,71,124,0
894,71,126,0
894,71,125,0
894,71,124,1
894,71,126,1
894,70,125,1
894,19,53,1
894,83,18,1
894,21,76,1
894,71,126,0
894,70,124,0
894,70,124,0
894,71,124,0
894,89,113,1
894,70,125,0
894,4,66,1
894,71,124,1
894,70,124,1
894,103,72,1
894,119,90,1
894,71,126,1
894,72,71,1
894,7,77,1
894,70,125,1
894,71,124,0
894,70,124,0
894,71,126,0
894,70,125,0
894,71,125,0
894,71,124,1
894,50,121,1
894,71,126,1
894,70,124,1
894,71,126,0
894,71,124,0
894,70,124,0
894,70,124,0
894,71,125,0
894,71,124,1
894,71,126,1
894,7,45,1
894,71,124,0
894,71,126,0
894,70,124,0
894,71,125,0
894,71,124,1
894,71,126,1
894,70,124,1
894,71,126,0
894,71,126,0
894,71,124,0
894,70,124,0
894,70,124,0
894,71,125,0
894,71,124,1
894,71,126,1
894,70,124,1
894,71,124,0
894,71,126,0
894,70,124,0
894,70,124,0
894,71,125,0
894,71,124,1
894,18,81,1
894,71,126,1
894,70,124,1
894,111,6,1
894,54,71,1
894,62,25,1
894,71,126,0
894,71,124,0
894,69,14,1
894,70,124,0
894,70,124,0
894,70,125,0
894,116,40,1
894,79,112,1
894,71,124,1
894,120,113,1
894,120,5,1
894,71,126,1
894,71,126,0
894,71,124,0
894,71,125,0
894,71,124,1
894,71,126,1
894,120,82,1
894,71,126,0
894,71,124,0
894,71,125,0
894,71,124,1
894,71,126,1
894,71,124,0
894,71,126,0
894,71,125,0
894,71,124,1
894,71,126,1
894,71,126,0
894,71,124,0
894,71,125,0
894,71,124,1
894,71,126,1
894,70,125,1
894,71,124,0
894,70,124,0
894,71,126,0
894,70,125,0
894,71,125,0
894,71,124,1
894,71,126,1
894,70,124,1
894,1,2,1
894,95,106,1
894,71,124,0
894,71,126,0
894,70,124,0
894,70,124,0
894,71,125,0
894,71,124,1
894,38,80,1
894,71,126,1
894,15,16,1
894,70,125,1
894,71,126,0
894,70,124,0
894,71,124,0
894,97,15,1
894,70,125,0
894,71,125,0
894,71,124,1
894,71,126,1
894,70,124,1
894,71,124,0
894,71,126,0
894,70,124,0
894,70,124,0
894,70,124,0
894,70,125,0
894,71,125,0
894,71,124,1
894,70,125,1
894,71,126,1
894,71,124,0
894,71,126,0
894,70,124,0
894,70,124,0
894,3,14,1
894,71,125,0
894,70,125,0
894,71,124,1
894,71,126,1
894,70,124,1
894,71,126,0
894,71,124,0
894,70,124,0
894,70,124,0
894,70,124,0
894,71,124,1
894,71,126,1
894,70,125,1
894,71,124,0
894,70,125,0
894,71,126,0
894,71,125,0
894,71,124,1
894,70,125,1
894,71,125,1
894,50,107,1
894,12,6,1
894,43,63,1
894,20,2,1
894,82,39,1
894,4,113,1
894,71,125,0
894,70,124,0
894,73,22,1
894,7,118,1
894,71,124,0
894,70,125,0
894,97,8,1
894,63,75,1
894,71,125,1
894,108,66,1
894,82,51,1
894,70,124,1
894,71,124,0
894,70,124,0
894,70,124,0
894,70,124,0
894,71,125,0
894,71,124,1
894,71,126,1
894,71,124,0
894,71,126,0
894,70,124,0
894,70,124,0
894,71,125,0
894,71,124,1
894,11,43,1
894,71,126,1
894,70,124,1
894,70,125,1
894,71,126,0
894,70,124,0
894,70,124,0
894,71,124,0
894,70,125,0
894,71,125,0
894,71,124,1
894,70,124,1
894,71,126,1
894,71,124,0
894,71,125,0
894,71,125,0
894,70,124,0
894,70,124,0
894,71,124,1
894,71,125,1
894,70,124,1
894,71,125,0
894,70,124,0
894,70,124,0
894,71,124,0
894,71,124,0
894,71,125,1
894,71,124,1
894,70,124,1
894,71,124,0
894,70,124,0
894,70,124,0
894,70,124,0
894,71,125,0
894,71,125,0
894,71,124,1
894,71,125,1
894,70,124,1
894,71,125,0
894,70,124,0
894,70,124,0
894,71,124,0
894,117,72,1
894,95,32,1
894,71,125,1
894,103,108,1
894,70,125,1
894,71,125,0
894,70,124,0
894,71,124,0
894,71,124,0
894,70,125,0
894,71,126,0
894,71,125,1
894,70,124,1
894,71,124,1
894,71,124,0
894,71,125,0
894,70,124,0
894,70,124,0
894,70,126,0
894,71,126,0
894,71,124,1
894,70,124,1
894,70,126,1
894,71,125,1
894,71,125,0
894,70,124,0
894,70,124,0
894,71,124,0
894,70,126,0
894,70,126,0
894,71,126,0
894,70,125,0
894,71,125,1
894,70,124,1
894,71,125,0
894,71,126,0
894,71,125,1
894,71,126,1
894,71,125,0
894,71,126,0
894,70,124,0
894,70,124,0
894,70,124,0
894,71,125,1
894,71,124,1
894,57,51,1
894,70,125,1
894,91,96,1
894,71,124,0
894,70,124,0
894,70,125,0
894,71,125,0
894,71,124,1
894,96,117,1
894,121,69,1
894,70,124,1
894,71,126,1
894,70,125,1
894,70,124,0
894,70,124,0
894,71,126,0
894,71,124,0
894,70,125,0
894,71,125,0
894,71,124,1
894,70,124,1
894,70,125,1
894,71,124,0
894,70,124,0
894,70,124,0
894,70,125,0
894,71,125,0
894,71,124,1
894,32,110,1
894,70,124,1
894,71,124,0
894,70,124,0
894,70,124,0
894,71,125,0
894,71,124,1
894,71,126,1
894,70,125,1
894,70,126,1
894,70,124,0
894,71,126,0
894,70,125,0
894,71,124,0
894,70,126,0
894,71,125,0
894,70,124,1
894,71,124,1
894,71,124,0
894,70,124,0
894,70,124,0
894,71,125,0
894,70,126,0
894,71,124,1
894,70,124,1
894,71,126,1
894,71,124,0
894,71,126,0
894,70,124,0
894,70,124,0
894,71,125,0
894,70,124,1
894,71,124,1
894,71,126,1
894,47,46,1
894,49,66,1
894,19,72,1
894,39,35,1
894,71,124,0
894,71,126,0
894,70,124,0
894,70,124,0
894,71,125,0
894,77,1,1
894,71,124,1
894,70,125,1
894,18,39,1
894,71,34,1
894,71,126,1
894,71,124,0
894,71,126,0
894,125,1,1
894,70,124,0
894,70,126,0
894,71,125,0
894,70,125,0
894,71,124,1
894,70,124,1
894,70,126,1
894,71,126,1
894,71,124,0
894,71,126,0
894,70,124,0
894,70,124,0
894,70,126,0
894,70,126,0
894,71,125,0
894,71,124,1
894,70,124,1
894,71,126,1
894,71,126,0
894,71,124,0
894,71,124,1
